firstname,lastname,addressLine1,addressLine2,city,comment,email,itemnumber,phone,state,zipcode,descreption
Tom1,zyx,abc,abc2,abc1,efg,ab@ef.com,1,1234567890,AL,123456,descreption1
Tom2,zyx,abc,abc2,abc1,efg,ab@ef.com,2,1234567890,AL,123456,descreption2
Tom3,zyx,abc,abc2,abc1,efg,ab@ef.com,3,1234567890,AL,123456,descreption3
Tom4,zyx,abc,abc2,abc1,efg,ab@ef.com,4,1234567890,AL,123456,descreption4
Tom5,zyx,abc,abc2,abc1,efg,ab@ef.com,5,1234567890,AL,123456,descreption5
Tom6,zyx,abc,abc2,abc1,efg,ab@ef.com,6,1234567890,AL,123456,descreption6
Tom7,zyx,abc,abc2,abc1,efg,ab@ef.com,7,1234567890,AL,123456,descreption7
Tom8,zyx,abc,abc2,abc1,efg,ab@ef.com,8,1234567890,AL,123456,descreption8
Tom9,zyx,abc,abc2,abc1,efg,ab@ef.com,9,1234567890,AL,123456,descreption9
Tom10,zyx,abc,abc2,abc1,efg,ab@ef.com,10,1234567890,AL,123456,descreption10
