firstname,lastname,addressLine1,addressLine2,city,comment,email,itemnumber,phone,state,zipcode
Tom1,zyx,abc,abc2,abc1,efg,ab@ef.com,1,1234567890,AL,123456
Tom2,zyx,abc,abc2,abc1,efg,ab@ef.com,2,1234567890,AL,123456
Tom3,zyx,abc,abc2,abc1,efg,ab@ef.com,3,1234567890,AL,123456
Tom4,zyx,abc,abc2,abc1,efg,ab@ef.com,4,1234567890,AL,123456
Tom5,zyx,abc,abc2,abc1,efg,ab@ef.com,5,1234567890,AL,123456
Tom6,zyx,abc,abc2,abc1,efg,ab@ef.com,6,1234567890,AL,123456
Tom7,zyx,abc,abc2,abc1,efg,ab@ef.com,7,1234567890,AL,123456
Tom8,zyx,abc,abc2,abc1,efg,ab@ef.com,8,1234567890,AL,123456
Tom9,zyx,abc,abc2,abc1,efg,ab@ef.com,9,1234567890,AL,123456
Tom10,zyx,abc,abc2,abc1,efg,ab@ef.com,10,1234567890,AL,123456
